train_loss_step,train_acc_step,epoch,step,train_loss_epoch,train_acc_epoch
0.2919219136238098,0.9145463705062866,0,49,,
,,0,49,0.2937144339084625,0.918545663356781
